Language,Folder,Filename,TTR,HL,MSL,FWF,HER,PVU,FK,PU,IIR,Gender
EN,EN-His,1.pdf,0.26498704547485036,0.16617528812650764,27.5012285012285,0.25967951494153313,0.004071026418362928,0.0687960687960688,22.39651439529493,3.118020191190923,0.12124948623099055,M
EN,EN-His,2.pdf,0.23113140248252248,0.1443857896989585,32.6,0.26820985515281726,0.002564280268902904,0.13023255813953488,23.888488229419323,2.0188329290911686,0.11298679592177836,F
EN,EN-His,3.pdf,0.23015212290925605,0.13418602891092107,32.78660049627791,0.2790411355735805,0.0070249130938586325,0.17121588089330025,27.790794093492792,2.7775675471126924,0.11007145287512758,F
EN,EN-His,4.pdf,0.4276942963322023,0.3414121829051543,14.162471395881006,0.16858466596921237,0.004483634733223734,0.15102974828375287,-129.15386871887927,1.4541929229277752,0.04754694124772865,M
EN,EN-His,5.pdf,0.4015101337925553,0.31818783944893364,14.243396226415094,0.18092428711897737,0.0018436578171091445,0.09433962264150944,-108.15432959132403,1.6426016690952443,0.05031282586027112,M
EN,EN-His,6.pdf,0.41790318657261005,0.32546825589880807,18.27111111111111,0.16042780748663102,0.001592900216179315,0.13333333333333333,-94.61908072110052,0.9000243249817562,0.05792400370713624,F
EN,EN-His,7.pdf,0.37894604452270153,0.2932964406992831,20.129113924050632,0.17479191438763378,0.0067776456599286565,0.17468354430379746,-115.78754855770069,2.138095837001635,0.06383507203179335,M
EN,EN-His,8.pdf,0.4082657396678254,0.31350585811767734,20.0180412371134,0.14508490239112856,0.0017327018597666627,0.11082474226804123,-101.74634777687515,1.7123728595339256,0.04560912182436488,M
EN,EN-His,9.pdf,0.4276942963322023,0.3414121829051543,14.162471395881006,0.16858466596921237,0.004483634733223734,0.15102974828375287,-129.15386871887927,1.4541929229277752,0.04754694124772865,M
EN,EN-His,10.pdf,0.41012716233245505,0.3193951197158896,16.53219696969697,0.18893416255629422,0.005468582457645293,0.12121212121212122,-96.54233881987764,1.9360751517928745,0.07286262124971801,F
EN,EN-His,11.pdf,0.39553045776763185,0.30565901718130484,19.863961813842483,0.17517665830863915,0.0017095965352176886,0.11217183770883055,-114.08739222507029,1.3696984260482998,0.0647432985006815,M
EN,EN-His,12.pdf,0.43084036992360275,0.33252915158825896,17.95667870036101,0.17883211678832117,0.0016423357664233577,0.10469314079422383,-87.48909884467821,2.392440691596301,0.06792873051224943,M
EN,EN-His,13.pdf,0.43368307775087434,0.34113532418617165,14.808764940239044,0.1564049047743282,0.0015653535090007827,0.09362549800796813,-103.35134435623124,1.4124293785310735,0.06148785425101214,F
EN,EN-His,14.pdf,0.4541917670682731,0.36834839357429716,17.825503355704697,0.1808301537750029,0.0030061278760550353,0.12751677852348994,-124.38830759278721,1.6189759036144578,0.0647515893571933,M
EN,EN-His,15.pdf,0.2328707718993929,0.1398525585429315,27.452380952380953,0.252430196483971,0.004860392967942089,0.11904761904761904,24.84915076611736,1.9622723330442324,0.11503390226794483,F
EN,EN-His,16.pdf,0.4273070226349391,0.3382182240278584,14.478991596638656,0.17225629648962548,0.0030014354691374136,0.07773109243697479,-122.50885493837697,0.7980266976204294,0.043500125722906714,M
EN,EN-His,17.pdf,0.39540668269629387,0.3212834756653677,18.526881720430108,0.20309032629243035,0.003123202104051944,0.10291858678955453,-108.10836383687578,2.976535942293342,0.09252286175363099,F
EN,EN-His,18.pdf,0.4217148182665424,0.3277027027027027,20.734299516908212,0.17994746059544658,0.00186077057793345,0.17391304347826086,-118.37214998356677,1.4445479962721341,0.04671316846332699,F
EN,EN-His,19.pdf,0.43566106831670665,0.3429725975501957,20.78477690288714,0.1743119266055046,0.002908928171850526,0.14435695538057744,-141.8929161533492,1.37643641873974,0.04907688712315962,M
EN,EN-His,20.pdf,0.4615107048352177,0.3702189078662497,18.353200883002206,0.15077138849929875,0.002805049088359046,0.09933774834437085,-104.16922658448391,1.744046187154198,0.06472343355519852,M
EN,EN-His,21.pdf,0.6367614879649891,0.5076586433260394,16.321428571428573,0.22666666666666666,0.0019047619047619048,0.10714285714285714,-122.5846416849015,1.9693654266958425,0.12173913043478261,M
EN,EN-His,22.pdf,0.4385016025641026,0.3411458333333333,19.576470588235296,0.15581704308217878,0.0020876826722338203,0.11764705882352941,-94.7131224547511,1.1217948717948718,0.040048057669203045,M
EN,EN-His,23.pdf,0.3815686274509804,0.29205882352941176,18.117229129662523,0.18767726161369194,0.0019559902200488996,0.12788632326820604,-78.7904581548427,1.2352941176470587,0.05939198711495872,M
EN,EN-His,24.pdf,0.1943161406209905,0.10636386964331537,22.36441893830703,0.26244072273245694,0.006002761270184284,0.16355810616929697,44.481073207179605,2.0977675134719016,0.11170443065377399,M
EN,EN-His,25.pdf,0.22029192448040616,0.13215928922735207,22.591397849462364,0.24741808455308714,0.002749089828367635,0.16308243727598568,17.872365642576767,2.4908773599873077,0.10894745677354374,F
EN,EN-Psy,1.pdf,0.23554301833568406,0.12911911783561994,14.38929889298893,0.28499877840215,0.006718788174932812,0.11623616236162361,40.418475548478426,4.821130914219772,0.15728794949217675,M
EN,EN-Psy,2.pdf,0.29589371980676327,0.17701863354037267,16.41926345609065,0.22904423136405816,0.006031549644293226,0.1048158640226629,36.67503765417982,3.1746031746031744,0.12669376693766937,M
EN,EN-Psy,3.pdf,0.2329899119982829,0.13318308649924876,20.479120879120877,0.22253116011505272,0.004026845637583893,0.23736263736263735,30.639999455148853,2.31809401159047,0.11924119241192413,M
EN,EN-Psy,4.pdf,0.2785428698356286,0.17118317784688286,17.053030303030305,0.19893475366178429,0.003195739014647137,0.18181818181818182,37.0131578052852,0.873685769287724,0.11128860489882852,M
EN,EN-Psy,5.pdf,0.16130786239895603,0.09138362272084677,18.753908905506457,0.26384258351310713,0.003105184023011048,0.1556764106050306,27.204835565634227,3.0992858955305036,0.12206055261610818,F
EN,EN-Psy,6.pdf,0.2964211202054245,0.18648692023752206,19.718354430379748,0.3054676909173068,0.007983129989456243,0.12974683544303797,46.065261201647985,8.907077515647568,0.2524790236460717,F
EN,EN-Psy,7.pdf,0.22523799878468706,0.12872189588819122,19.322896281800393,0.31189009947891994,0.013263855992420654,0.1643835616438356,36.82892423994386,5.671460401053271,0.19198551052750737,F
EN,EN-Psy,8.pdf,0.19788337239860784,0.11634349030470914,27.075,0.3369711668014012,0.009161950956615468,0.20384615384615384,40.29476568825913,8.85006037360608,0.30310133429498737,F
EN,EN-Psy,9.pdf,0.20709832134292566,0.10848920863309353,20.048076923076923,0.3140303842716711,0.005719392314566577,0.1673076923076923,29.028763074156046,7.299760191846523,0.22681029323758228,F
EN,EN-Psy,10.pdf,0.2079798931825322,0.12608650120431458,15.809602649006623,0.3271969770371088,0.01065788198817944,0.09768211920529801,65.93924294368055,13.100848256361921,0.36366083445491254,M
EN,EN-Psy,11.pdf,0.24579780755176614,0.15030450669914738,14.900181488203266,0.3384492951341519,0.006139154160982265,0.0998185117967332,58.525566702993814,11.218026796589525,0.3157739846968805,F
EN,EN-Psy,12.pdf,0.2505046797577537,0.15112864745824922,21.45275590551181,0.3043773905652359,0.0056948576285592864,0.19881889763779528,38.427180595876166,8.405211965498257,0.2429426860564585,F
EN,EN-Psy,13.pdf,0.2669550655874965,0.16117778397990512,17.563725490196077,0.2837528604118993,0.004195270785659802,0.15441176470588236,32.35733020992379,4.521350823332403,0.17556561085972852,F
EN,EN-Psy,14.pdf,0.24682246822468223,0.14158808254749214,18.906976744186046,0.30858732768433034,0.005311749083090932,0.18087855297157623,37.787838038845535,5.753724203908705,0.16651638112413586,M
EN,EN-Psy,15.pdf,0.2175046150504941,0.11966554457595831,20.69438202247191,0.27829770465963943,0.004137523396709684,0.35280898876404493,29.41804023177133,3.26854164404387,0.11362617660242043,F
EN,EN-Psy,16.pdf,0.2445092322643343,0.13790087463556852,16.153846153846153,0.23076248135474248,0.004123892252347109,0.13186813186813187,37.12292778649922,2.7113702623906706,0.1415679639029893,M
EN,EN-Psy,17.pdf,0.28893058161350843,0.1651031894934334,16.730941704035875,0.26676279740447006,0.005046863734679163,0.2825112107623318,35.9813171669193,5.2264808362369335,0.13082437275985664,M
EN,EN-Psy,18.pdf,0.2826638793489622,0.1745557712408541,23.416083916083917,0.28270042194092826,0.0025052742616033757,0.14685314685314685,24.79480637661578,3.1357324175003733,0.18229007633587788,F
EN,EN-Psy,19.pdf,0.2710239651416122,0.1657516339869281,17.873831775700936,0.2797420156966353,0.0045846608128059674,0.16355140186915887,35.6020803555067,4.671023965141612,0.18892185954500496,M
EN,EN-Psy,20.pdf,0.21804170444242973,0.126538013210724,15.213793103448277,0.2273807453776155,0.0030719295195038546,0.19310344827586207,37.987702758710014,1.9492293744333637,0.10231292517006803,M
EN,EN-Psy,21.pdf,0.20416857835747526,0.11489807957003342,22.737704918032787,0.27455213864737116,0.005718620528680633,0.10879284649776454,36.48668765855396,8.04221013305368,0.2237423400313524,F
EN,EN-Psy,22.pdf,0.25598224623697413,0.15052103434967193,17.961871750433275,0.1951741250962608,0.004706083682724395,0.1733102253032929,29.958292994614766,1.9104592821304514,0.12753991291727143,F
EN,EN-Psy,23.pdf,0.17186877407358214,0.08912206136273078,24.685245901639345,0.2434745915968413,0.008801012719271807,0.24262295081967214,26.20379470854772,2.437242661708062,0.13392612859097128,M
EN,EN-Psy,24.pdf,0.2496097280420672,0.14739955632240573,16.764462809917354,0.2696578291411738,0.003096910642797794,0.1184573002754821,35.90420704852548,5.085859830745214,0.1599320882852292,M
EN,EN-Psy,25.pdf,0.23136983593595573,0.131745404230085,19.684824902723737,0.20471596998928188,0.006162915326902465,0.17120622568093385,25.07976929815726,1.6604071950978454,0.10393580435613298,M
EN,EN-Psy,26.pdf,0.2710843373493976,0.17273746147380217,23.557755775577558,0.2952843273231623,0.0036061026352288486,0.20462046204620463,42.41771369613849,6.934715606612496,0.20481075344888575,M
EN,EN-Psy,27.pdf,0.2225145137880987,0.13851596516690856,23.965217391304346,0.3109163484901076,0.0020826102047900035,0.1956521739130435,27.975634536505368,4.009433962264151,0.14803754266211602,M
EN,EN-Psy,28.pdf,0.17858146725381804,0.09153939848215122,22.235416666666666,0.3469531525184924,0.008629799225079253,0.3416666666666667,41.58826701821576,10.15646959617727,0.26641357748995087,M
EN,EN-Psy,29.pdf,0.21284005450966537,0.12769393832332307,20.53160621761658,0.31744833443427384,0.004859865999811267,0.19378238341968912,42.68823753598741,7.535456518447484,0.2231866088034718,M
EN,EN-Psy,30.pdf,0.22583431488025127,0.1316058107577542,20.474276527331188,0.2988269347958562,0.0060176721511273614,0.17845659163987138,40.968096957267676,5.535924617196701,0.1980718667835232,F
ES,ES-His,1.pdf,0.23312272805954648,0.14730829150077895,21.396296296296295,0.3513866764693869,0.001511252705959237,0.1111111111111111,20.750371341654983,2.981651376146789,,M
ES,ES-His,2.pdf,0.309463986599665,0.2028894472361809,26.681564245810055,0.18548229309332812,0.000782625709254549,0.1340782122905028,15.902709777940004,3.350083752093802,,F
ES,ES-His,3.pdf,0.2175019496777901,0.1377498666009933,22.008130081300813,0.36159089148787854,0.0014328866857718225,0.13911472448057813,18.90118091908664,4.047120633747896,,M
ES,ES-His,4.pdf,0.2922037714607374,0.19082465522094005,15.651982378854626,0.15396495712840177,0.0008521063002609575,0.07665198237885462,28.224792909386025,2.6287644244300594,,M
ES,ES-His,5.pdf,0.2152232746955345,0.12801082543978348,17.266355140186917,0.29616681233612185,0.0011861655637407916,0.0455607476635514,35.890583226891636,1.6779431664411366,,M
ES,ES-His,6.pdf,0.2575992370961974,0.16527595660984623,21.677002583979327,0.1685808728780324,0.0016247408818421201,0.12144702842377261,25.49561505576858,4.0767671951364886,,M
ES,ES-His,7.pdf,0.1572933549432739,0.08877633711507293,22.915506035283194,0.13422535751255607,0.0,0.07985143918291551,54.468208699957444,9.189627228525122,,M
ES,ES-His,8.pdf,0.28992866642485793,0.18921533067343732,24.04360465116279,0.41367959034381857,0.000975371860521824,0.18895348837209303,13.598967612040383,3.977753596904848,,M
ES,ES-His,9.pdf,0.23296391280454296,0.14764608902729437,26.69437652811736,0.36670567329779397,0.0019069908551120358,0.1271393643031785,13.930251788056893,3.2744092324601577,,M
ES,ES-His,10.pdf,0.29026104417670684,0.1889558232931727,23.65795724465558,0.351867532223163,0.0005644933672029354,0.1163895486935867,17.21512520390351,3.775100401606426,,M
ES,ES-His,11.pdf,0.29531196532451237,0.19744496406980724,26.406626506024097,0.3799212598425197,0.0012737378415933302,0.20481927710843373,7.831179080986885,3.661457739249458,,M
ES,ES-His,12.pdf,0.27652092369007153,0.18180752549525261,25.2396449704142,0.43838432700447455,0.001088402467045592,0.1863905325443787,14.88270807510932,7.021451178056499,,M
ES,ES-His,13.pdf,0.3534258456201214,0.26138334778837813,25.622222222222224,0.4013882767739092,0.0016527104451300133,0.2222222222222222,4.29106369856413,5.724197745013009,,F
ES,ES-His,14.pdf,0.3086623453152622,0.21803182086034179,26.107692307692307,0.420597767374865,0.0010803024846957148,0.21846153846153846,-8.027678346403121,6.1756040070713025,,F
ES,ES-His,15.pdf,0.3193991781210146,0.2233243587926881,21.515243902439025,0.38529120022672525,0.0008502196400736857,0.2073170731707317,-1.573725005357062,4.46365311038685,,M
ES,ES-His,16.pdf,0.30055329366322164,0.20659776594634097,25.476063829787233,0.4109472790919699,0.0010607828577490189,0.22074468085106383,10.010431291688633,6.190625326234471,,F
ES,ES-His,17.pdf,0.30780033192901823,0.21243457168390145,24.175925925925927,0.38563724845455744,0.0010522162304353545,0.2191358024691358,-6.0203782962395564,4.136346227499042,,M
ES,ES-His,18.pdf,0.6997929606625258,0.663216011042098,65.86363636363636,0.008678881388621022,0.0,0.0,-917.3706281761715,0.8281573498964804,,M
ES,ES-His,19.pdf,0.7690058479532164,0.7412280701754386,54.72,0.0,0.0,0.0,-800.0229052631578,0.14619883040935672,,M
ES,ES-His,20.pdf,0.3266414141414141,0.23434343434343435,28.285714285714285,0.41710610932475883,0.0014147909967845659,0.21785714285714286,5.902045454545458,5.277777777777778,,M
ES,ES-His,21.pdf,0.7075048107761386,0.6645285439384221,27.350877192982455,0.05418250950570342,0.0,0.0,-703.4468587601139,0.5772931366260423,,M
ES,ES-His,22.pdf,0.8080614203454894,0.7763915547024952,61.294117647058826,0.0077348066298342545,0.0,0.0,-1152.8762261488087,0.6717850287907869,,M
ES,ES-His,23.pdf,0.25620290387796363,0.16164308031611835,26.34866828087167,0.44032692486300734,0.0006501346707532275,0.21549636803874092,16.721831340201078,5.899650799485389,,M
ES,ES-His,24.pdf,0.688050930460333,0.6214495592556317,11.941520467836257,0.1064991807755325,0.0,0.017543859649122806,-458.9262896999272,1.2242899118511263,,M
ES,ES-His,25.pdf,0.29309376754632227,0.20673778775968557,22.601522842639593,0.42961672473867596,0.0027874564459930314,0.2563451776649746,7.05622859883087,7.355418304323413,,M
ES,ES-Psy,1.pdf,0.2632189623736118,0.16326868887783855,23.56640625,0.33746268656716416,0.0007462686567164179,0.15625,4.1514974573439645,3.3482512846013592,,F
ES,ES-Psy,2.pdf,0.2184013918739126,0.1236311534131614,22.156462585034014,0.2829327370970747,0.0001863238308179616,0.12471655328798185,17.64843180256446,1.883123528809743,,F
ES,ES-Psy,3.pdf,0.23831697987693332,0.13836687177781473,21.475,0.31564748201438847,0.0004496402877697842,0.21785714285714286,15.035912585232012,3.442541160818227,,M
ES,ES-Psy,4.pdf,0.2364381956649092,0.14551845342706501,24.110169491525422,0.34764265372850967,0.0,0.3418079096045198,16.563037368562192,5.705916813122437,,M
ES,ES-Psy,5.pdf,0.26865671641791045,0.15984960692719608,21.40731707317073,0.30334534225424603,0.0006176016469377251,0.275609756097561,10.67268915569241,2.8483536515893815,,F
ES,ES-Psy,6.pdf,0.23364297253634894,0.14226575121163165,22.306306306306308,0.3567224572374471,0.0007356998344675372,0.13288288288288289,7.4258842364173745,3.291599353796446,,F
ES,ES-Psy,7.pdf,0.2410381184103812,0.1245742092457421,17.71551724137931,0.014661921708185054,0.0,0.0,40.70426094890513,0.43795620437956206,,F
ES,ES-Psy,8.pdf,0.297367848596911,0.1820752664781379,20.990867579908677,0.2316488380671339,0.0007377351530800443,0.1735159817351598,18.48245626738901,2.675658037850772,,M
ES,ES-Psy,9.pdf,0.2241423125794155,0.12846251588310037,20.930851063829788,0.3245278899683441,0.0025106429429101627,0.25,16.529932040606667,4.472681067344346,,F
ES,ES-Psy,10.pdf,0.277175222945288,0.17064352856109907,20.64179104477612,0.3386023294509151,0.00041597337770382697,0.19402985074626866,16.64280117848938,2.940467582550012,,F
ES,ES-Psy,11.pdf,0.3746262281076463,0.24861170439982913,14.36196319018405,0.2908759124087591,0.000364963503649635,0.17791411042944785,16.263587712240877,3.460059803502777,,F
ES,ES-Psy,12.pdf,0.2753077975376197,0.14979480164158687,21.659259259259258,0.017942583732057416,0.0,0.0,37.8713716876932,0.08549931600547195,,M
ES,ES-Psy,13.pdf,0.28909119948889955,0.17089921737741576,20.067307692307693,0.03189467969598263,0.0,0.003205128205128205,50.06083698076003,0.2076345631688229,,F
ES,ES-Psy,14.pdf,0.2972623966942149,0.1828512396694215,27.75627240143369,0.027324862251208816,0.0,0.007168458781362007,34.18472338857788,0.47778925619834706,,M
ES,ES-Psy,15.pdf,0.27368558042686103,0.17373763664757938,26.047457627118643,0.3175750834260289,0.0004449388209121246,0.20677966101694914,8.752634777084694,3.839146277980219,,M
ES,ES-Psy,16.pdf,0.3090140100449379,0.20856463124504362,21.617142857142856,0.30523055746730904,0.0008029364533149805,0.17142857142857143,14.10581252973833,3.330689928628073,,M
ES,ES-Psy,17.pdf,0.2668629925676623,0.168419576496985,22.145962732919255,0.29878493317132443,0.001215066828675577,0.15217391304347827,26.368038402443744,3.281447202355911,,M
ES,ES-Psy,18.pdf,0.29259210001329966,0.1871259475994148,19.73490813648294,0.3202183306800091,0.0003411416875142142,0.15748031496062992,24.309959982392826,3.64410160925655,,M
ES,ES-Psy,19.pdf,0.3433978311715926,0.23006591537316606,21.77314814814815,0.30522306855277476,0.00018135654697134566,0.1712962962962963,18.467383058292228,3.402083776312992,,M
ES,ES-Psy,20.pdf,0.3292479951581177,0.22166742321077318,17.301047120418847,0.3046125939362529,0.00038870173620108835,0.17539267015706805,26.526003219075363,4.5392646391284615,,M
ES,ES-Psy,21.pdf,0.326946847960445,0.19468479604449937,17.03157894736842,0.029768177028451002,0.0,0.005263157894736842,29.027551818359257,0.40173053152039556,,F
ES,ES-Psy,22.pdf,0.22796321173917536,0.12555544073576522,21.175054704595187,0.030409991854466467,0.0,0.0,48.06948698542803,0.42368502635114186,,M
ES,ES-Psy,23.pdf,0.2963531669865643,0.190595009596929,14.119241192411923,0.3446576306988206,0.0007041013906002464,0.14092140921409213,22.73564005534493,4.145873320537428,,M
ES,ES-Psy,24.pdf,0.29543264598188473,0.19464251300828675,16.95751633986928,0.3728902953586498,0.0005274261603375527,0.20261437908496732,11.896275665466334,4.374638658701099,,F
ES,ES-Psy,25.pdf,0.27828348504551365,0.17672301690507153,15.01953125,0.3564438155877845,0.0012970168612191958,0.166015625,13.93017578125,4.850455136540963,,M
FR,FR-His,1.pdf,0.27753934191702434,0.1771101573676681,28.18548387096774,0.07020238525478859,0.00018070112034694616,0.010752688172043012,32.69214159628967,4.339532665712923,,F
FR,FR-His,2.pdf,0.2426840082766775,0.15646861759779288,23.01360544217687,0.3081749049429658,0.0008555133079847909,0.03854875283446712,43.27642695269063,2.6997733766873586,,M
FR,FR-His,3.pdf,0.30784147376075627,0.20845958065689008,20.423267326732674,0.03119682359614294,0.0,0.0024752475247524753,37.64781488382451,3.7086413768028117,,F
FR,FR-His,4.pdf,0.2134927412467976,0.1274745749553606,24.121722846441948,0.2876571344556348,0.0005881055649489083,0.1104868913857678,51.09370734688346,4.94526822451673,,F
FR,FR-His,5.pdf,0.2924473067915691,0.1881342701014832,26.54922279792746,0.03327621967715754,0.0,0.0,39.75434213879217,4.186182669789227,,F
FR,FR-His,6.pdf,0.28957691230036425,0.1922107032782292,22.167701863354036,0.3288090485695276,0.0002661343978709248,0.049689440993788817,56.05994371825017,4.048753152143457,,F
FR,FR-His,7.pdf,0.2803306588864576,0.1885485047410649,19.492890995260662,0.3251618871415356,0.0008094357076780758,0.05687203791469194,57.60945305775357,4.643812302455628,,F
FR,FR-His,8.pdf,0.29525691699604745,0.18972332015810275,19.1183879093199,0.03648843930635838,0.0,0.0,48.24667421670438,3.491436100131752,,F
FR,FR-His,9.pdf,0.2834184626884266,0.18612183879407002,20.84935064935065,0.22802101576182138,0.0010507880910683013,0.04415584415584416,45.06638112280146,3.8245920019932726,,M
FR,FR-His,10.pdf,0.2715706346885054,0.17739105001462416,20.351190476190474,0.33825617722238,0.0007100255609201931,0.07738095238095238,61.57974084771379,4.884469143024276,,F
FR,FR-His,11.pdf,0.2745426149040607,0.18328871039714414,25.982608695652175,0.3590405507152845,0.002904162633107454,0.09855072463768116,47.32429876025844,5.633645693886658,,F
FR,FR-His,12.pdf,0.2559391456992393,0.1684025746050322,17.09,0.3357566267755285,0.0006710658763001902,0.064,56.85129482153306,4.119368051492101,,M
FR,FR-His,13.pdf,0.3302591826999523,0.225314040387979,22.30141843971631,0.28188228080931943,0.001072961373390558,0.06028368794326241,47.28400224584411,3.005247257115599,,F
FR,FR-His,14.pdf,0.32527081169312955,0.2221397833506455,27.2834008097166,0.2688111095366303,0.0005668130933824571,0.08097165991902834,42.34368368785721,2.71553642973735,,F
FR,FR-His,15.pdf,0.26561771561771563,0.1745920745920746,30.211267605633804,0.3000554631170272,0.0024403771491957847,0.056338028169014086,41.86559834531667,4.393939393939394,,F
FR,FR-His,16.pdf,0.23354450767744014,0.14710619564050254,30.13915857605178,0.29484683946316975,0.0003073455588566745,0.05501618122977346,36.63058965144941,2.126060345753248,,M
FR,FR-His,17.pdf,0.2449601662625563,0.14631104953238655,31.244588744588743,0.036209749268168515,0.0,0.0,29.558167779282286,4.773120886733633,,F
FR,FR-His,18.pdf,0.27125024767188427,0.17852189419457104,21.385593220338983,0.3165426984276433,0.00310705206666039,0.057203389830508475,55.337103166673955,4.378838914206459,,M
FR,FR-His,19.pdf,0.26912986445124615,0.18091386095321382,16.602540834845733,0.291214006961291,0.0013711633793903597,0.07622504537205081,63.49957758957957,3.9680804547442063,,M
FR,FR-His,20.pdf,0.34842939920707533,0.24275693809088136,25.71764705882353,0.0378127635648018,0.0,0.0,29.385568107206296,3.09545593168649,,F
FR,FR-His,21.pdf,0.2925123422929238,0.17718047174986287,17.656174334140434,0.08588734100545124,0.0,0.007263922518159807,56.38713170690892,4.360943499725726,,M
FR,FR-His,22.pdf,0.22500465462669894,0.12781604915285794,19.855822550831792,0.03497787795308457,0.0,0.0,51.535557202695,3.2023831688698565,,F
FR,FR-His,23.pdf,0.25007940709370036,0.1598729486500794,21.56392694063927,0.32334466069405826,0.0008238080527237154,0.0319634703196347,47.89471844323424,2.3186871360508206,,M
FR,FR-His,24.pdf,0.24297407912687585,0.15320600272851295,30.928270042194093,0.32991587802313355,0.0007886435331230284,0.06329113924050633,42.09104601631353,3.383356070941337,,M
FR,FR-His,25.pdf,0.2748589219692547,0.185736524615684,18.92817679558011,0.33910453318439915,0.0026063483198361724,0.06445672191528545,62.9123926715755,6.820393072582215,,F
FR,FR-Psy,1.pdf,0.2361344537815126,0.13683473389355744,13.574144486692015,0.2556532663316583,0.0016331658291457286,0.022813688212927757,46.73715931239417,3.515406162464986,,M
FR,FR-Psy,2.pdf,0.2532188841201717,0.1521030042918455,20.017182130584192,0.28417442430181283,0.0013065490772497142,0.07903780068728522,40.206761854195264,3.227467811158798,,M
FR,FR-Psy,3.pdf,0.2640755539411551,0.1505630221576462,15.002724795640328,0.24698297239213093,0.0024797487187964953,0.04904632152588556,49.55728881844033,2.3973846712677083,,M
FR,FR-Psy,4.pdf,0.2485016937375141,0.15955875966298966,25.359030837004404,0.34721300597213006,0.0009953550099535502,0.07048458149779736,45.46957831522383,5.854251715452097,,F
FR,FR-Psy,5.pdf,0.2235816079591288,0.13538585641301426,23.763578274760384,0.312999001996008,0.001746506986027944,0.06070287539936102,35.06874594840244,3.8585641301425113,,F
FR,FR-Psy,6.pdf,0.2121263157894737,0.12825263157894737,25.759219088937094,0.33320082684051516,0.00023851168707266656,0.07809110629067245,42.187615782623595,3.991578947368421,,F
FR,FR-Psy,7.pdf,0.22178477690288714,0.12588330304865739,17.913200723327307,0.27013454614364224,0.00037900322152738296,0.028933092224231464,40.453646389989956,2.856854431657581,,F
FR,FR-Psy,8.pdf,0.3392252726588943,0.21850319669048515,14.106100795755967,0.29748510919920584,0.002481800132362674,0.021220159151193633,43.64803352908845,4.889056036103798,,M
FR,FR-Psy,9.pdf,0.24614411136597328,0.1429249387012576,15.608641975308641,0.2688982487253381,0.0016995492499815266,0.03333333333333333,50.26434735416956,3.3219963616230324,,M
FR,FR-Psy,10.pdf,0.2313092313092313,0.1419211419211419,19.469248291571756,0.32303156055476684,0.000764442503003167,0.02733485193621868,51.01291972326143,4.715104715104715,,M
FR,FR-Psy,11.pdf,0.2494103041589075,0.1637492240844196,20.653846153846153,0.34171757096658284,0.0008384237633249491,0.07692307692307693,53.47313386334338,4.866542520173804,,M
FR,FR-Psy,12.pdf,0.22207982424020506,0.1267850604174295,15.193324061196106,0.2531722579523727,0.0025204241265426733,0.02364394993045897,47.47606095522028,2.5723178322958624,,M
FR,FR-Psy,13.pdf,0.2828335056876939,0.17877456049638055,13.667844522968197,0.1815958066394875,0.00023296447291788001,0.012367491166077738,45.55735497568162,2.1199586349534645,,F
FR,FR-Psy,14.pdf,0.2532894736842105,0.14828947368421053,22.352941176470587,0.266164316966456,0.0023091881380651433,0.029411764705882353,38.412133126935004,2.736842105263158,,M
FR,FR-Psy,15.pdf,0.3423112338858195,0.22168508287292818,15.854014598540147,0.3088139281828074,0.0015233949945593036,0.040145985401459854,54.41720833165306,5.3406998158379375,,M
FR,FR-Psy,16.pdf,0.22436344611091733,0.1334147192186955,18.955371900826446,0.316668057758117,0.0010015858442534013,0.0859504132231405,49.8215270288579,5.6766655040111615,,F
FR,FR-Psy,17.pdf,0.23228499320520288,0.1388079984469035,19.622857142857143,0.30357306879764856,0.0029392853862404704,0.06857142857142857,44.89951228887597,4.649582605319356,,F
FR,FR-Psy,18.pdf,0.21702162118390153,0.127540691553972,26.72943722943723,0.3237454100367197,0.0003059975520195838,0.06493506493506493,37.94190358316342,3.3605959996760872,,F
FR,FR-Psy,19.pdf,0.2064880626936395,0.11591033351558229,20.062157221206583,0.3017777010700725,0.0006903693476009665,0.021937842778793418,46.998318293630064,4.41042464005832,,F
FR,FR-Psy,20.pdf,0.23686612996929204,0.14806207984065067,21.78842676311031,0.34306044131755675,0.0011192836584585865,0.06329113924050633,48.62531576232496,4.8302763714831105,,M
FR,FR-Psy,21.pdf,0.21554138145612944,0.1203329184816428,28.254945054945054,0.3085177733065057,0.0009687756166629406,0.0945054945054945,48.57135211335026,5.133789670192906,,M
FR,FR-Psy,22.pdf,0.23675604970569,0.14969842307971803,22.522094926350245,0.3474162011173184,0.0007681564245810055,0.11456628477905073,50.13727116447001,6.314948041566747,,M
FR,FR-Psy,23.pdf,0.2188127330083166,0.1231239843227225,22.25744680851064,0.2972072072072072,0.0008108108108108108,0.06382978723404255,38.698695791053694,3.6229805945894276,,F
FR,FR-Psy,24.pdf,0.20506655216831257,0.11283812795191069,16.494334277620396,0.2719688993277719,0.004049566696363489,0.029745042492917848,46.79995744930591,3.9845427221983685,,M
FR,FR-Psy,25.pdf,0.24643584521384929,0.14989816700610997,19.745308310991955,0.3500916470280178,0.002356637863315004,0.05361930294906166,51.28418416210286,4.779361846571622,,M
FR,FR-Psy,26.pdf,0.22784428125943065,0.13881903229051404,22.289237668161434,0.3140842386125405,0.002001143510577473,0.07174887892376682,53.05206354148672,4.6172417261844885,,M
FR,FR-Psy,27.pdf,0.22090395480225988,0.12146892655367232,25.578034682080926,0.28105971584232453,0.0009614357440444397,0.046242774566473986,37.79892191633192,3.1638418079096042,,F
